,STATIONS_LOOKUP,STATIONS_MTA,ZIPS,GEOCODES
0,"59 ST station, New York, NY",59 ST,,"[40.762824, -73.967562]"
1,"5 AV/59 ST station, New York, NY",5 AV/59 ST,10022,"[40.7652386, -73.9747197]"
2,"57 ST-7 AV station, New York, NY",57 ST-7 AV,10106,"[40.765564, -73.9803309]"
3,"49 ST station, New York, NY",49 ST,10020,"[40.760362, -73.9835025]"
4,"TIMES SQ-42 ST station, New York, NY",TIMES SQ-42 ST,10018,"[40.7544507, -73.9867106]"
5,"34 ST-HERALD SQ station, New York, NY",34 ST-HERALD SQ,,
6,"28 ST station, New York, NY",28 ST,,
7,"23 ST station, New York, NY",23 ST,10011,"[40.7453097, -73.9985238]"
8,"14 ST-UNION SQ station, New York, NY",14 ST-UNION SQ,,
9,"8 ST-NYU station, New York, NY",8 ST-NYU,10003,"[40.7306255, -73.9926698]"
10,"PRINCE ST station, New York, NY",PRINCE ST,10012,"[40.7241072, -73.997665]"
11,"CANAL ST station, New York, NY",CANAL ST,10013,"[40.7186743, -74.0006768]"
12,"CITY HALL station, New York, NY",CITY HALL,,
13,"CORTLANDT ST station, New York, NY",CORTLANDT ST,,
14,"RECTOR ST station, New York, NY",RECTOR ST,10006,"[40.708009, -74.01352419999999]"
15,"WHITEHALL S-FRY station, New York, NY",WHITEHALL S-FRY,10004,"[40.7015029, -74.0124647]"
16,"DELANCEY/ESSEX station, New York, NY",DELANCEY/ESSEX,,
17,"BOWERY station, New York, NY",BOWERY,10002,"[40.7203142, -73.9934421]"
18,"CHAMBERS ST station, New York, NY",CHAMBERS ST,10007,"[40.715477, -74.00927]"
19,"FULTON ST station, New York, NY",FULTON ST,10038,"[40.7093381, -74.0083434]"
20,"BROAD ST station, New York, NY",BROAD ST,10005,"[40.7070231, -74.01088360000001]"
21,"7 AV station, New York, NY",7 AV,10019,"[40.7629415, -73.9816377]"
22,"PARK PLACE station, New York, NY",PARK PLACE,10007,"[40.7127256, -74.0077975]"
23,"BOTANIC GARDEN station, New York, NY",BOTANIC GARDEN,,
24,"PROSPECT PARK station, New York, NY",PROSPECT PARK,,
25,"PARKSIDE AV station, New York, NY",PARKSIDE AV,,
26,"CHURCH AV station, New York, NY",CHURCH AV,,
27,"BEVERLEY ROAD station, New York, NY",BEVERLEY ROAD,,
28,"CORTELYOU RD station, New York, NY",CORTELYOU RD,,
29,"NEWKIRK PLAZA station, New York, NY",NEWKIRK PLAZA,,
30,"AVENUE H station, New York, NY",AVENUE H,,
31,"AVENUE J station, New York, NY",AVENUE J,11230,"[40.6252595, -73.9607769]"
32,"AVENUE M station, New York, NY",AVENUE M,11230,"[40.617618, -73.95939899999999]"
33,"KINGS HWY station, New York, NY",KINGS HWY,,
34,"AVENUE U station, New York, NY",AVENUE U,,
35,"NECK RD station, New York, NY",NECK RD,11229,"[40.595246, -73.95516099999999]"
36,"SHEEPSHEAD BAY station, New York, NY",SHEEPSHEAD BAY,,
37,"BRIGHTON BEACH station, New York, NY",BRIGHTON BEACH,11235,"[40.5776648, -73.9612769]"
38,"OCEAN PKWY station, New York, NY",OCEAN PKWY,,
39,"BOROUGH HALL station, New York, NY",BOROUGH HALL,11201,"[40.6931492, -73.9900883]"
40,"JAY ST-METROTEC station, New York, NY",JAY ST-METROTEC,,
41,"DEKALB AV station, New York, NY",DEKALB AV,,
42,"ATL AV-BARCLAY station, New York, NY",ATL AV-BARCLAY,,
43,"UNION ST station, New York, NY",UNION ST,,
44,"4AV-9 ST station, New York, NY",4AV-9 ST,11215,"[40.6705107, -73.99005819999999]"
45,"PROSPECT AV station, New York, NY",PROSPECT AV,,
46,"25 ST station, New York, NY",25 ST,,
47,"36 ST station, New York, NY",36 ST,,
48,"45 ST station, New York, NY",45 ST,,
49,"53 ST station, New York, NY",53 ST,,
50,"BAY RIDGE AV station, New York, NY",BAY RIDGE AV,,
51,"77 ST station, New York, NY",77 ST,,
52,"86 ST station, New York, NY",86 ST,,
53,"BAY RIDGE-95 ST station, New York, NY",BAY RIDGE-95 ST,11209,"[40.6167174, -74.0308527]"
54,"8 AV station, New York, NY",8 AV,11220,"[40.6345973, -74.0108096]"
55,"FT HAMILTON PKY station, New York, NY",FT HAMILTON PKY,,
56,"NEW UTRECHT AV station, New York, NY",NEW UTRECHT AV,,
57,"18 AV station, New York, NY",18 AV,11204,"[40.620091, -73.98948229999999]"
58,"20 AV station, New York, NY",20 AV,11204,"[40.6173042, -73.98483279999999]"
59,"BAY PKWY station, New York, NY",BAY PKWY,11204,"[40.61188000000001, -73.98187109999999]"
60,"9 AV station, New York, NY",9 AV,,
61,"50 ST station, New York, NY",50 ST,10019,"[40.76250479999999, -73.9862468]"
62,"55 ST station, New York, NY",55 ST,11219,"[40.631435, -73.995476]"
63,"71 ST station, New York, NY",71 ST,11375,"[40.721691, -73.844521]"
64,"79 ST station, New York, NY",79 ST,10024,"[40.783934, -73.979917]"
65,"25 AV station, New York, NY",25 AV,11214,"[40.5976616, -73.9867701]"
66,"BAY 50 ST station, New York, NY",BAY 50 ST,,
67,"CONEY IS-STILLW station, New York, NY",CONEY IS-STILLW,,"[40.6130653, -73.9630263]"
68,"W 8 ST-AQUARIUM station, New York, NY",W 8 ST-AQUARIUM,11224,"[40.57612779999999, -73.97596539999999]"
69,"6 AV station, New York, NY",6 AV,,
70,"3 AV station, New York, NY",3 AV,10003,"[40.733134, -73.9870266]"
71,"1 AV station, New York, NY",1 AV,10010,"[40.7350107, -73.9796535]"
72,"BEDFORD AV station, New York, NY",BEDFORD AV,,
73,"LORIMER ST station, New York, NY",LORIMER ST,11211,"[40.7139225, -73.9493905]"
74,"GRAHAM AV station, New York, NY",GRAHAM AV,,
75,"GRAND ST station, New York, NY",GRAND ST,10017,"[40.7527262, -73.9772294]"
76,"MONTROSE AV station, New York, NY",MONTROSE AV,11206,"[40.707739, -73.93984999999999]"
77,"MORGAN AV station, New York, NY",MORGAN AV,11237,"[40.70607589999999, -73.93370999999999]"
78,"JEFFERSON ST station, New York, NY",JEFFERSON ST,11237,"[40.7063088, -73.9220881]"
79,"MYRTLE-WYCKOFF station, New York, NY",MYRTLE-WYCKOFF,11237,"[40.699686, -73.9117713]"
80,"HALSEY ST station, New York, NY",HALSEY ST,11207,"[40.6859916, -73.91575089999999]"
81,"WILSON AV station, New York, NY",WILSON AV,11207,"[40.688764, -73.904046]"
82,"BUSHWICK AV station, New York, NY",BUSHWICK AV,11207,"[40.6823164, -73.9051425]"
83,"ATLANTIC AV station, New York, NY",ATLANTIC AV,,"[40.6834617, -73.9765824]"
84,"SUTTER AV station, New York, NY",SUTTER AV,,"[40.6650348, -73.92286229999999]"
85,"LIVONIA AV station, New York, NY",LIVONIA AV,11212,"[40.664038, -73.900571]"
86,"NEW LOTS station, New York, NY",NEW LOTS,,
87,"EAST 105 ST station, New York, NY",EAST 105 ST,11236,"[40.6513735, -73.89900279999999]"
88,"CANARSIE-ROCKAW station, New York, NY",CANARSIE-ROCKAW,11236,"[40.6471062, -73.9016111]"
89,"HOWARD BCH JFK station, New York, NY",HOWARD BCH JFK,,"[40.660476, -73.83030099999999]"
90,"JFK JAMAICA CT1 station, New York, NY",JFK JAMAICA CT1,11435,"[40.70040789999999, -73.8079298]"
91,"MARCY AV station, New York, NY",MARCY AV,11211,"[40.7085554, -73.95791179999999]"
92,"HEWES ST station, New York, NY",HEWES ST,11211,"[40.7068162, -73.9534031]"
93,"FLUSHING AV station, New York, NY",FLUSHING AV,11206,"[40.6999796, -73.9499147]"
94,"MYRTLE AV station, New York, NY",MYRTLE AV,11237,"[40.699686, -73.9117713]"
95,"KOSCIUSZKO ST station, New York, NY",KOSCIUSZKO ST,11221,"[40.693342, -73.928814]"
96,"GATES AV station, New York, NY",GATES AV,11221,"[40.68963, -73.92227]"
97,"CHAUNCEY ST station, New York, NY",CHAUNCEY ST,11207,"[40.682893, -73.910456]"
98,"ALABAMA AV station, New York, NY",ALABAMA AV,11207,"[40.6769157, -73.8993744]"
99,"VAN SICLEN AV station, New York, NY",VAN SICLEN AV,,
100,"CLEVELAND ST station, New York, NY",CLEVELAND ST,11208,"[40.679947, -73.88463899999999]"
101,"NORWOOD AV station, New York, NY",NORWOOD AV,11208,"[40.68141, -73.880039]"
102,"CRESCENT ST station, New York, NY",CRESCENT ST,,
103,"CYPRESS HILLS station, New York, NY",CYPRESS HILLS,11208,"[40.689941, -73.87254999999999]"
104,"75 ST-ELDERTS station, New York, NY",75 ST-ELDERTS,11421,"[40.6913744, -73.86722379999999]"
105,"85 ST-FOREST PK station, New York, NY",85 ST-FOREST PK,11421,"[40.692435, -73.86001]"
106,"WOODHAVEN BLVD station, New York, NY",WOODHAVEN BLVD,,
107,"104 ST station, New York, NY",104 ST,11417,"[40.6813328, -73.8388457]"
108,"111 ST station, New York, NY",111 ST,,
109,"121 ST station, New York, NY",121 ST,10314,"[40.6236787, -74.1507416]"
110,"CENTRAL AV station, New York, NY",CENTRAL AV,,
111,"KNICKERBOCKER station, New York, NY",KNICKERBOCKER,11237,"[40.6986749, -73.9196528]"
112,"SENECA AVE station, New York, NY",SENECA AVE,11385,"[40.702762, -73.90773999999999]"
113,"FOREST AVE station, New York, NY",FOREST AVE,,
114,"FRESH POND RD station, New York, NY",FRESH POND RD,,
115,"METROPOLITAN AV station, New York, NY",METROPOLITAN AV,11379,"[40.7121327, -73.889276]"
116,"INWOOD-207 ST station, New York, NY",INWOOD-207 ST,,
117,"DYCKMAN ST station, New York, NY",DYCKMAN ST,,
118,"190 ST station, New York, NY",190 ST,10040,"[40.8588877, -73.9342216]"
119,"181 ST station, New York, NY",181 ST,10040,"[40.8491196, -73.9337381]"
120,"175 ST station, New York, NY",175 ST,10033,"[40.8479501, -73.9393709]"
121,"168 ST station, New York, NY",168 ST,10032,"[40.8408568, -73.9397731]"
122,"155 ST station, New York, NY",155 ST,,
123,"145 ST station, New York, NY",145 ST,10031,"[40.8240445, -73.9444496]"
124,"135 ST station, New York, NY",135 ST,10037,"[40.8141737, -73.9406307]"
125,"125 ST station, New York, NY",125 ST,10035,"[40.805157, -73.939149]"
126,"116 ST station, New York, NY",116 ST,,
127,"103 ST station, New York, NY",103 ST,,
128,"96 ST station, New York, NY",96 ST,10128,"[40.7858497, -73.9509439]"
129,"81 ST-MUSEUM station, New York, NY",81 ST-MUSEUM,,
130,"59 ST COLUMBUS station, New York, NY",59 ST COLUMBUS,,
131,"42 ST-PORT AUTH station, New York, NY",42 ST-PORT AUTH,,
132,"34 ST-PENN STA station, New York, NY",34 ST-PENN STA,,
133,"14 ST station, New York, NY",14 ST,,"[40.7428095, -73.992866]"
134,"W 4 ST-WASH SQ station, New York, NY",W 4 ST-WASH SQ,,
135,"SPRING ST station, New York, NY",SPRING ST,10013,"[40.7262059, -74.0040108]"
136,"WORLD TRADE CTR station, New York, NY",WORLD TRADE CTR,,
137,"HIGH ST station, New York, NY",HIGH ST,11201,"[40.6994297, -73.9914094]"
138,"HOYT-SCHER station, New York, NY",HOYT-SCHER,,
139,"LAFAYETTE AV station, New York, NY",LAFAYETTE AV,,
140,"CLINTON-WASH AV station, New York, NY",CLINTON-WASH AV,,
141,"FRANKLIN AV station, New York, NY",FRANKLIN AV,,
142,"NOSTRAND AV station, New York, NY",NOSTRAND AV,,
143,"KINGSTON-THROOP station, New York, NY",KINGSTON-THROOP,,
144,"UTICA AV station, New York, NY",UTICA AV,11213,"[40.6689471, -73.93184]"
145,"RALPH AV station, New York, NY",RALPH AV,11233,"[40.6787336, -73.9215528]"
146,"ROCKAWAY AV station, New York, NY",ROCKAWAY AV,,
147,"BROADWAY JCT station, New York, NY",BROADWAY JCT,,"[40.6789137, -73.9039]"
148,"LIBERTY AV station, New York, NY",LIBERTY AV,,
149,"VAN SICLEN AVE station, New York, NY",VAN SICLEN AVE,11207,"[40.6780363, -73.8917242]"
150,"SHEPHERD AV station, New York, NY",SHEPHERD AV,,
151,"EUCLID AV station, New York, NY",EUCLID AV,,
152,"GRANT AV station, New York, NY",GRANT AV,11208,"[40.6768813, -73.865353]"
153,"80 ST station, New York, NY",80 ST,,
154,"88 ST station, New York, NY",88 ST,,
155,"ROCKAWAY BLVD station, New York, NY",ROCKAWAY BLVD,11233,"[40.6784919, -73.91077179999999]"
156,"OZONE PK LEFFRT station, New York, NY",OZONE PK LEFFRT,11419,"[40.68597, -73.8257485]"
157,"AQUEDUCT N.COND station, New York, NY",AQUEDUCT N.COND,11417,"[40.6692611, -73.83464]"
158,"AQUEDUCT RACETR station, New York, NY",AQUEDUCT RACETR,11417,"[40.6721482, -73.8356853]"
159,"BROAD CHANNEL station, New York, NY",BROAD CHANNEL,11693,"[40.6083805, -73.8159112]"
160,"BEACH 90 ST station, New York, NY",BEACH 90 ST,11693,"[40.5879159, -73.8141345]"
161,"BEACH 98 ST station, New York, NY",BEACH 98 ST,,
162,"BEACH 105 ST station, New York, NY",BEACH 105 ST,11694,"[40.5832071, -73.8273751]"
163,"ROCKAWAY PARK B station, New York, NY",ROCKAWAY PARK B,11694,"[40.5805469, -73.8374249]"
164,"BEACH 67 ST station, New York, NY",BEACH 67 ST,,
165,"BEACH 60 ST station, New York, NY",BEACH 60 ST,11692,"[40.592374, -73.788522]"
166,"BEACH 44 ST station, New York, NY",BEACH 44 ST,,
167,"BEACH 36 ST station, New York, NY",BEACH 36 ST,11691,"[40.59553349999999, -73.7681252]"
168,"BEACH 25 ST station, New York, NY",BEACH 25 ST,11691,"[40.59967839999999, -73.7617897]"
169,"FAR ROCKAWAY station, New York, NY",FAR ROCKAWAY,11691,"[40.6077369, -73.7517445]"
170,"161/YANKEE STAD station, New York, NY",161/YANKEE STAD,10451,"[40.8279844, -73.9256468]"
171,"167 ST station, New York, NY",167 ST,10452,"[40.834458, -73.9181569]"
172,"170 ST station, New York, NY",170 ST,10452,"[40.8400823, -73.913353]"
173,"174-175 STS station, New York, NY",174-175 STS,10453,"[40.8465067, -73.90972289999999]"
174,"TREMONT AV station, New York, NY",TREMONT AV,10453,"[40.85041, -73.905227]"
175,"182-183 STS station, New York, NY",182-183 STS,10457,"[40.856093, -73.900741]"
176,"FORDHAM RD station, New York, NY",FORDHAM RD,10458,"[40.8614658, -73.8905425]"
177,"KINGSBRIDGE RD station, New York, NY",KINGSBRIDGE RD,10458,"[40.8662419, -73.8939541]"
178,"BEDFORD PK BLVD station, New York, NY",BEDFORD PK BLVD,10468,"[40.8732636, -73.8871965]"
179,"NORWOOD 205 ST station, New York, NY",NORWOOD 205 ST,10467,"[40.8743016, -73.8775055]"
180,"5 AV/53 ST station, New York, NY",5 AV/53 ST,10022,"[40.7602163, -73.975543]"
181,"LEXINGTON AV/53 station, New York, NY",LEXINGTON AV/53,10022,"[40.757552, -73.969055]"
182,"COURT SQ-23 ST station, New York, NY",COURT SQ-23 ST,11101,"[40.7467885, -73.944548]"
183,"QUEENS PLAZA station, New York, NY",QUEENS PLAZA,11101,"[40.7488446, -73.9370785]"
184,"STEINWAY ST station, New York, NY",STEINWAY ST,11103,"[40.7567083, -73.9206179]"
185,"46 ST station, New York, NY",46 ST,11104,"[40.7430616, -73.9182048]"
186,"NORTHERN BLVD station, New York, NY",NORTHERN BLVD,11358,"[40.7615154, -73.8028892]"
187,"65 ST station, New York, NY",65 ST,11377,"[40.749142, -73.8974671]"
188,"JKSN HT-ROOSVLT station, New York, NY",JKSN HT-ROOSVLT,,"[40.7466891, -73.8908579]"
189,"ELMHURST AV station, New York, NY",ELMHURST AV,11372,"[40.7484876, -73.87653279999999]"
190,"GRAND-NEWTOWN station, New York, NY",GRAND-NEWTOWN,,
191,"63 DR-REGO PARK station, New York, NY",63 DR-REGO PARK,11374,"[40.72984599999999, -73.861604]"
192,"67 AV station, New York, NY",67 AV,11375,"[40.7263823, -73.8515929]"
193,"FOREST HILLS 71 station, New York, NY",FOREST HILLS 71,11375,"[40.721691, -73.844521]"
194,"75 AV station, New York, NY",75 AV,11375,"[40.718331, -73.837324]"
195,"KEW GARDENS station, New York, NY",KEW GARDENS,,"[40.7307692, -73.7752759]"
196,"BRIARWOOD station, New York, NY",BRIARWOOD,11435,"[40.7092812, -73.8199405]"
197,"SUTPHIN BLVD station, New York, NY",SUTPHIN BLVD,11435,"[40.7055511, -73.8097095]"
198,"PARSONS BLVD station, New York, NY",PARSONS BLVD,11432,"[40.7074669, -73.8028085]"
199,"169 ST station, New York, NY",169 ST,11432,"[40.71047, -73.793604]"
200,"JAMAICA 179 ST station, New York, NY",JAMAICA 179 ST,,
201,"COURT SQ station, New York, NY",COURT SQ,11101,"[40.74621, -73.94570999999999]"
202,"21 ST station, New York, NY",21 ST,,
203,"GREENPOINT AV station, New York, NY",GREENPOINT AV,,
204,"NASSAU AV station, New York, NY",NASSAU AV,,
205,"BROADWAY station, New York, NY",BROADWAY,,
206,"MYRTLE-WILLOUGH station, New York, NY",MYRTLE-WILLOUGH,,
207,"BEDFORD-NOSTRAN station, New York, NY",BEDFORD-NOSTRAN,11205,"[40.6899751, -73.9516093]"
208,"CLASSON AV station, New York, NY",CLASSON AV,11238,"[40.688873, -73.96007]"
209,"47-50 STS ROCK station, New York, NY",47-50 STS ROCK,10020,"[40.75866300000001, -73.981329]"
210,"42 ST-BRYANT PK station, New York, NY",42 ST-BRYANT PK,10021,"[40.7551354, -73.9841134]"
211,"B'WAY-LAFAYETTE station, New York, NY",B'WAY-LAFAYETTE,,
212,"2 AV station, New York, NY",2 AV,,
213,"EAST BROADWAY station, New York, NY",EAST BROADWAY,,
214,"YORK ST station, New York, NY",YORK ST,,
215,"BERGEN ST station, New York, NY",BERGEN ST,,
216,"CARROLL ST station, New York, NY",CARROLL ST,,
217,"SMITH-9 ST station, New York, NY",SMITH-9 ST,,
218,"4 AV-9 ST station, New York, NY",4 AV-9 ST,11215,"[40.6705107, -73.99005819999999]"
219,"15 ST-PROSPECT station, New York, NY",15 ST-PROSPECT,,
220,"DITMAS AV station, New York, NY",DITMAS AV,,
221,"AVENUE I station, New York, NY",AVENUE I,11230,"[40.6253221, -73.9761347]"
222,"AVENUE N station, New York, NY",AVENUE N,,
223,"AVENUE P station, New York, NY",AVENUE P,11230,"[40.6088188, -73.9729748]"
224,"AVENUE X station, New York, NY",AVENUE X,11223,"[40.58962, -73.97425]"
225,"NEPTUNE AV station, New York, NY",NEPTUNE AV,,
226,"57 ST station, New York, NY",57 ST,,
227,"LEXINGTON AV/63 station, New York, NY",LEXINGTON AV/63,,
228,"ROOSEVELT ISLND station, New York, NY",ROOSEVELT ISLND,10022,"[40.7611977, -73.96420789999999]"
229,"21 ST-QNSBRIDGE station, New York, NY",21 ST-QNSBRIDGE,,
230,"JAMAICA VAN WK station, New York, NY",JAMAICA VAN WK,11418,"[40.7027167, -73.8172101]"
231,"SUTPHIN-ARCHER station, New York, NY",SUTPHIN-ARCHER,,
232,"JAMAICA CENTER station, New York, NY",JAMAICA CENTER,,
233,"72 ST-2 AVE station, New York, NY",72 ST-2 AVE,,
234,"86 ST-2 AVE station, New York, NY",86 ST-2 AVE,10028,"[40.7778805, -73.95147279999999]"
235,"96 ST-2 AVE station, New York, NY",96 ST-2 AVE,10128,"[40.7858497, -73.9509439]"
236,"ORCHARD BEACH station, New York, NY",ORCHARD BEACH,,
237,"NEWARK HW BMEBE station, New York, NY",NEWARK HW BMEBE,,"[40.735657, -74.1723667]"
238,"HARRISON station, New York, NY",HARRISON,,
239,"JOURNAL SQUARE station, New York, NY",JOURNAL SQUARE,07306,"[40.7326829, -74.0626888]"
240,"GROVE STREET station, New York, NY",GROVE STREET,,
241,"EXCHANGE PLACE station, New York, NY",EXCHANGE PLACE,07302,"[40.71676, -74.03238]"
242,"PAVONIA/NEWPORT station, New York, NY",PAVONIA/NEWPORT,07310,"[40.72699, -74.03383]"
243,"CITY / BUS station, New York, NY",CITY / BUS,10036,"[40.75693589999999, -73.9902755]"
244,"CHRISTOPHER ST station, New York, NY",CHRISTOPHER ST,,
245,"9TH STREET station, New York, NY",9TH STREET,,
246,"14TH STREET station, New York, NY",14TH STREET,,
247,"TWENTY THIRD ST station, New York, NY",TWENTY THIRD ST,,"[40.7427301, -73.9926213]"
248,"THIRTY ST station, New York, NY",THIRTY ST,,
249,"LACKAWANNA station, New York, NY",LACKAWANNA,,
250,"THIRTY THIRD ST station, New York, NY",THIRTY THIRD ST,10455,"[40.816129, -73.917811]"
251,"NEWARK BM BW station, New York, NY",NEWARK BM BW,,"[40.735657, -74.1723667]"
252,"NEWARK C station, New York, NY",NEWARK C,07114,"[40.6960235, -74.1774835]"
253,"NEWARK HM HE station, New York, NY",NEWARK HM HE,,"[40.735657, -74.1723667]"
254,"PATH WTC 2 station, New York, NY",PATH WTC 2,10007,"[40.712673, -74.0099391]"
255,"PATH NEW WTC station, New York, NY",PATH NEW WTC,,
256,"SOUTH FERRY station, New York, NY",SOUTH FERRY,10004,"[40.7017312, -74.0129477]"
257,"WALL ST station, New York, NY",WALL ST,,
258,"FRANKLIN ST station, New York, NY",FRANKLIN ST,10013,"[40.7192769, -74.0070636]"
259,"HOUSTON ST station, New York, NY",HOUSTON ST,10014,"[40.728251, -74.00536699999999]"
260,"18 ST station, New York, NY",18 ST,10011,"[40.74104, -73.997871]"
261,"66 ST-LINCOLN station, New York, NY",66 ST-LINCOLN,10023,"[40.7735874, -73.9820172]"
262,"72 ST station, New York, NY",72 ST,10021,"[40.7686549, -73.9584259]"
263,"CATHEDRAL PKWY station, New York, NY",CATHEDRAL PKWY,10025,"[40.8039733, -73.9666165]"
264,"116 ST-COLUMBIA station, New York, NY",116 ST-COLUMBIA,10027,"[40.8081311, -73.96359]"
265,"137 ST CITY COL station, New York, NY",137 ST CITY COL,10031,"[40.821374, -73.95440099999999]"
266,"157 ST station, New York, NY",157 ST,10032,"[40.8342387, -73.9450796]"
267,"191 ST station, New York, NY",191 ST,10040,"[40.8553621, -73.9295207]"
268,"207 ST station, New York, NY",207 ST,10034,"[40.8677304, -73.9212226]"
269,"215 ST station, New York, NY",215 ST,,
270,"MARBLE HILL-225 station, New York, NY",MARBLE HILL-225,10034,"[40.874561, -73.909831]"
271,"231 ST station, New York, NY",231 ST,10463,"[40.8789934, -73.9049454]"
272,"238 ST station, New York, NY",238 ST,10463,"[40.884667, -73.90087]"
273,"V.CORTLANDT PK station, New York, NY",V.CORTLANDT PK,10471,"[40.8899597, -73.8982401]"
274,"BOWLING GREEN station, New York, NY",BOWLING GREEN,10004,"[40.7046465, -74.013544]"
275,"BROOKLYN BRIDGE station, New York, NY",BROOKLYN BRIDGE,,
276,"BLEECKER ST station, New York, NY",BLEECKER ST,,
277,"ASTOR PL station, New York, NY",ASTOR PL,10003,"[40.7298544, -73.9913978]"
278,"33 ST station, New York, NY",33 ST,10001,"[40.7485354, -73.98854659999999]"
279,"GRD CNTRL-42 ST station, New York, NY",GRD CNTRL-42 ST,,
280,"51 ST station, New York, NY",51 ST,10022,"[40.757552, -73.969055]"
281,"68ST-HUNTER CO station, New York, NY",68ST-HUNTER CO,10021,"[40.76786999999999, -73.963894]"
282,"110 ST station, New York, NY",110 ST,10026,"[40.7984831, -73.9526131]"
283,"138/GRAND CONC station, New York, NY",138/GRAND CONC,10451,"[40.81313, -73.929683]"
284,"149/GRAND CONC station, New York, NY",149/GRAND CONC,10451,"[40.818323, -73.92718280000001]"
285,"MT EDEN AV station, New York, NY",MT EDEN AV,10452,"[40.844434, -73.91468499999999]"
286,"176 ST station, New York, NY",176 ST,10453,"[40.84848, -73.911794]"
287,"BURNSIDE AV station, New York, NY",BURNSIDE AV,10453,"[40.85345299999999, -73.90768400000002]"
288,"183 ST station, New York, NY",183 ST,10453,"[40.8583924, -73.90397810000002]"
289,"MOSHOLU PKWY station, New York, NY",MOSHOLU PKWY,10467,"[40.87975, -73.884655]"
290,"WOODLAWN station, New York, NY",WOODLAWN,,
291,"CENTRAL PK N110 station, New York, NY",CENTRAL PK N110,,
292,"HARLEM 148 ST station, New York, NY",HARLEM 148 ST,,
293,"3 AV-149 ST station, New York, NY",3 AV-149 ST,10455,"[40.816129, -73.917811]"
294,"JACKSON AV station, New York, NY",JACKSON AV,,
295,"INTERVALE AV station, New York, NY",INTERVALE AV,,
296,"SIMPSON ST station, New York, NY",SIMPSON ST,,
297,"FREEMAN ST station, New York, NY",FREEMAN ST,10459,"[40.830152, -73.8916773]"
298,"174 ST station, New York, NY",174 ST,,
299,"WEST FARMS SQ station, New York, NY",WEST FARMS SQ,,
300,"E 180 ST station, New York, NY",E 180 ST,,
301,"BRONX PARK EAST station, New York, NY",BRONX PARK EAST,,
302,"PELHAM PKWY station, New York, NY",PELHAM PKWY,10469,"[40.8588602, -73.8554592]"
303,"ALLERTON AV station, New York, NY",ALLERTON AV,10467,"[40.8654419, -73.867245]"
304,"BURKE AV station, New York, NY",BURKE AV,,
305,"GUN HILL RD station, New York, NY",GUN HILL RD,10467,"[40.8777414, -73.86628089999999]"
306,"219 ST station, New York, NY",219 ST,,
307,"225 ST station, New York, NY",225 ST,10034,"[40.874561, -73.909831]"
308,"233 ST station, New York, NY",233 ST,10466,"[40.893193, -73.85747300000001]"
309,"NEREID AV station, New York, NY",NEREID AV,,
310,"WAKEFIELD/241 station, New York, NY",WAKEFIELD/241,,
311,"3 AV 138 ST station, New York, NY",3 AV 138 ST,,
312,"BROOK AV station, New York, NY",BROOK AV,,
313,"CYPRESS AV station, New York, NY",CYPRESS AV,,
314,"E 143/ST MARY'S station, New York, NY",E 143/ST MARY'S,,
315,"E 149 ST station, New York, NY",E 149 ST,10451,"[40.818323, -73.92718280000001]"
316,"LONGWOOD AV station, New York, NY",LONGWOOD AV,,
317,"HUNTS POINT AV station, New York, NY",HUNTS POINT AV,10474,"[40.8207062, -73.89065219999999]"
318,"WHITLOCK AV station, New York, NY",WHITLOCK AV,10459,"[40.8267442, -73.8863456]"
319,"ELDER AV station, New York, NY",ELDER AV,,
320,"MORISN AV/SNDVW station, New York, NY",MORISN AV/SNDVW,10472,"[40.8294234, -73.8747875]"
321,"ST LAWRENCE AV station, New York, NY",ST LAWRENCE AV,,
322,"PARKCHESTER station, New York, NY",PARKCHESTER,10472,"[40.8332537, -73.86091850000001]"
323,"CASTLE HILL AV station, New York, NY",CASTLE HILL AV,,
324,"ZEREGA AV station, New York, NY",ZEREGA AV,,
325,"WESTCHESTER SQ station, New York, NY",WESTCHESTER SQ,,
326,"MIDDLETOWN RD station, New York, NY",MIDDLETOWN RD,,
327,"BUHRE AV station, New York, NY",BUHRE AV,10461,"[40.84681, -73.83256899999999]"
328,"PELHAM BAY PARK station, New York, NY",PELHAM BAY PARK,10461,"[40.85295, -73.8271101]"
329,"5 AVE station, New York, NY",5 AVE,10022,"[40.7652386, -73.9747197]"
330,"VERNON-JACKSON station, New York, NY",VERNON-JACKSON,11101,"[40.7427691, -73.9539131]"
331,"HUNTERS PT AV station, New York, NY",HUNTERS PT AV,,
332,"QUEENSBORO PLZ station, New York, NY",QUEENSBORO PLZ,11101,"[40.7505166, -73.9400261]"
333,"39 AV station, New York, NY",39 AV,11101,"[40.7524943, -73.9329113]"
334,"36 AV station, New York, NY",36 AV,11106,"[40.7566832, -73.9295052]"
335,"30 AV station, New York, NY",30 AV,11102,"[40.7669827, -73.9214372]"
336,"ASTORIA BLVD station, New York, NY",ASTORIA BLVD,11105,"[40.7750679, -73.91202899999999]"
337,"ASTORIA DITMARS station, New York, NY",ASTORIA DITMARS,11105,"[40.7750679, -73.91202899999999]"
338,"33 ST-RAWSON ST station, New York, NY",33 ST-RAWSON ST,11101,"[40.744587, -73.93099699999999]"
339,"40 ST LOWERY ST station, New York, NY",40 ST LOWERY ST,11104,"[40.7438908, -73.9241552]"
340,"46 ST BLISS ST station, New York, NY",46 ST BLISS ST,,
341,"52 ST station, New York, NY",52 ST,11377,"[40.74414900000001, -73.912549]"
342,"61 ST WOODSIDE station, New York, NY",61 ST WOODSIDE,11377,"[40.7456717, -73.9029142]"
343,"69 ST station, New York, NY",69 ST,11377,"[40.7462734, -73.89633169999999]"
344,"74 ST-BROADWAY station, New York, NY",74 ST-BROADWAY,,
345,"82 ST-JACKSON H station, New York, NY",82 ST-JACKSON H,,
346,"90 ST-ELMHURST station, New York, NY",90 ST-ELMHURST,11372,"[40.7484876, -73.87653279999999]"
347,"JUNCTION BLVD station, New York, NY",JUNCTION BLVD,11368,"[40.749203, -73.8693365]"
348,"103 ST-CORONA station, New York, NY",103 ST-CORONA,11368,"[40.7497795, -73.86264609999999]"
349,"METS-WILLETS PT station, New York, NY",METS-WILLETS PT,,
350,"FLUSHING-MAIN station, New York, NY",FLUSHING-MAIN,11354,"[40.7595582, -73.82992209999999]"
351,"34 ST-HUDSON YD station, New York, NY",34 ST-HUDSON YD,10001,"[40.7549699, -74.0010058]"
352,"CLARK ST station, New York, NY",CLARK ST,11201,"[40.6977218, -73.99297899999999]"
353,"HOYT ST station, New York, NY",HOYT ST,11201,"[40.690545, -73.98506499999999]"
354,"NEVINS ST station, New York, NY",NEVINS ST,11217,"[40.6882442, -73.9806206]"
355,"GRAND ARMY PLAZ station, New York, NY",GRAND ARMY PLAZ,11238,"[40.675235, -73.971046]"
356,"EASTN PKWY-MUSM station, New York, NY",EASTN PKWY-MUSM,11238,"[40.6718194, -73.964328]"
357,"KINGSTON AV station, New York, NY",KINGSTON AV,,
358,"CROWN HTS-UTICA station, New York, NY",CROWN HTS-UTICA,,
359,"SUTTER AV-RUTLD station, New York, NY",SUTTER AV-RUTLD,,
360,"SARATOGA AV station, New York, NY",SARATOGA AV,11212,"[40.661561, -73.9160182]"
361,"JUNIUS ST station, New York, NY",JUNIUS ST,11212,"[40.663515, -73.90244700000001]"
362,"PENNSYLVANIA AV station, New York, NY",PENNSYLVANIA AV,11207,"[40.664635, -73.89489499999999]"
363,"NEW LOTS AV station, New York, NY",NEW LOTS AV,,"[40.6663015, -73.88371579999999]"
364,"PRESIDENT ST station, New York, NY",PRESIDENT ST,11225,"[40.667883, -73.950683]"
365,"STERLING ST station, New York, NY",STERLING ST,11225,"[40.6632864, -73.951043]"
366,"WINTHROP ST station, New York, NY",WINTHROP ST,,
367,"BEVERLY RD station, New York, NY",BEVERLY RD,,
368,"NEWKIRK AV station, New York, NY",NEWKIRK AV,11226,"[40.639967, -73.948411]"
369,"FLATBUSH AV-B.C station, New York, NY",FLATBUSH AV-B.C,,"[40.6307828, -73.9455011]"
370,"MORRIS PARK station, New York, NY",MORRIS PARK,,
371,"BAYCHESTER AV station, New York, NY",BAYCHESTER AV,10469,"[40.8795827, -73.8379547]"
372,"EASTCHSTER/DYRE station, New York, NY",EASTCHSTER/DYRE,,
373,"ST. GEORGE station, New York, NY",ST. GEORGE,10301,"[40.64400390000001, -74.0733248]"
374,"TOMPKINSVILLE station, New York, NY",TOMPKINSVILLE,,
375,"RIT-MANHATTAN station, New York, NY",RIT-MANHATTAN,,
376,"RIT-ROOSEVELT station, New York, NY",RIT-ROOSEVELT,10022,"[40.7611977, -73.96420789999999]"
